{"cameraMode":{"drawMode":0,"name":"Shaded","section":"Shading Mode"},"sceneLighting":false,"audioPlay":false,"sceneViewState":{"showFog":true,"showMaterialUpdate":true,"showSkybox":false,"showFlares":true,"showImageEffects":true,"showParticleSystems":true},"in2DMode":false,"pivot":{"x":-1.1998114585876465,"y":0.8390755653381348,"z":0.715193510055542},"rotation":{"x":0.10796702653169632,"y":0.8920502066612244,"z":-0.31035178899765017,"w":0.31034430861473086},"size":2.8578836917877199,"orthographic":false}