{"cameraMode":{"drawMode":0,"name":"Shaded","section":"Shading Mode"},"sceneLighting":false,"audioPlay":false,"sceneViewState":{"showFog":true,"showMaterialUpdate":true,"showSkybox":false,"showFlares":true,"showImageEffects":true,"showParticleSystems":true},"in2DMode":false,"pivot":{"x":-0.10178983211517334,"y":0.18088257312774659,"z":0.07474374771118164},"rotation":{"x":-0.0565866194665432,"y":0.942919909954071,"z":-0.2476203590631485,"w":-0.21551570296287538},"size":2.328941822052002,"orthographic":false}