{"cameraMode":{"drawMode":0,"name":"Shaded","section":"Shading Mode"},"sceneLighting":true,"audioPlay":false,"sceneViewState":{"showFog":true,"showMaterialUpdate":true,"showSkybox":true,"showFlares":true,"showImageEffects":true,"showParticleSystems":true},"in2DMode":false,"pivot":{"x":-4.822200775146484,"y":1.0015053749084473,"z":-0.7175383567810059},"rotation":{"x":0.003778278362005949,"y":0.9515784382820129,"z":-0.3072410821914673,"w":0.011706083081662655},"size":6.287116050720215,"orthographic":false}