{"cameraMode":{"drawMode":0,"name":"Shaded","section":"Shading Mode"},"sceneLighting":true,"audioPlay":false,"sceneViewState":{"showFog":true,"showMaterialUpdate":true,"showSkybox":true,"showFlares":true,"showImageEffects":true,"showParticleSystems":true},"in2DMode":false,"pivot":{"x":-1.4403114318847657,"y":-2.6888747215270998,"z":2.5307137966156008},"rotation":{"x":0.060660235583782199,"y":0.9226715564727783,"z":-0.16247762739658357,"w":0.3444550335407257},"size":9.834606170654297,"orthographic":false}