{"cameraMode":{"drawMode":0,"name":"Shaded","section":"Shading Mode"},"sceneLighting":true,"audioPlay":false,"sceneViewState":{"showFog":true,"showMaterialUpdate":true,"showSkybox":true,"showFlares":true,"showImageEffects":true,"showParticleSystems":true},"in2DMode":false,"pivot":{"x":-2.0794780254364015,"y":-1.1243934631347657,"z":0.47393226623535159},"rotation":{"x":-0.2920466363430023,"y":0.14044785499572755,"z":-0.04353141412138939,"w":-0.9451139569282532},"size":10.149696350097657,"orthographic":false}