{"cameraMode":{"drawMode":0,"name":"Shaded","section":"Shading Mode"},"sceneLighting":false,"audioPlay":false,"sceneViewState":{"showFog":true,"showMaterialUpdate":true,"showSkybox":false,"showFlares":true,"showImageEffects":true,"showParticleSystems":true},"in2DMode":false,"pivot":{"x":-0.12153482437133789,"y":0.36896342039108279,"z":0.13553965091705323},"rotation":{"x":0.18319208920001985,"y":-0.7235668897628784,"z":0.20987051725387574,"w":0.6315568685531616},"size":2.764058828353882,"orthographic":false}