{"cameraMode":{"drawMode":0,"name":"Shaded","section":"Shading Mode"},"sceneLighting":true,"audioPlay":false,"sceneViewState":{"showFog":true,"showMaterialUpdate":true,"showSkybox":true,"showFlares":true,"showImageEffects":true,"showParticleSystems":true},"in2DMode":false,"pivot":{"x":-3.1233835220336916,"y":-0.7290592193603516,"z":-1.6820452213287354},"rotation":{"x":-0.4097245931625366,"y":-0.11482341587543488,"z":0.05182482674717903,"w":-0.9035106301307678},"size":4.861922740936279,"orthographic":false}