{"cameraMode":{"drawMode":0,"name":"Shaded","section":"Shading Mode"},"sceneLighting":false,"audioPlay":false,"sceneViewState":{"showFog":true,"showMaterialUpdate":true,"showSkybox":false,"showFlares":true,"showImageEffects":true,"showParticleSystems":true},"in2DMode":false,"pivot":{"x":-0.9019106030464172,"y":1.2705755233764649,"z":0.5967957973480225},"rotation":{"x":0.1257990151643753,"y":0.8350750207901001,"z":-0.21328981220722199,"w":0.4913419187068939},"size":4.822874069213867,"orthographic":false}