{"cameraMode":{"drawMode":0,"name":"Shaded","section":"Shading Mode"},"sceneLighting":false,"audioPlay":false,"sceneViewState":{"showFog":true,"showMaterialUpdate":true,"showSkybox":false,"showFlares":true,"showImageEffects":true,"showParticleSystems":true},"in2DMode":false,"pivot":{"x":-0.07955288887023926,"y":0.5807287693023682,"z":1.9390759468078614},"rotation":{"x":-0.04269259050488472,"y":0.1504775881767273,"z":-0.006638864055275917,"w":-0.9877166152000427},"size":1.9047036170959473,"orthographic":false}