{"cameraMode":{"drawMode":0,"name":"Shaded","section":"Shading Mode"},"sceneLighting":false,"audioPlay":false,"sceneViewState":{"showFog":true,"showMaterialUpdate":true,"showSkybox":false,"showFlares":true,"showImageEffects":true,"showParticleSystems":true},"in2DMode":false,"pivot":{"x":-1.1551916599273682,"y":1.2624592781066895,"z":0.31024932861328127},"rotation":{"x":0.22125361859798432,"y":-0.12540090084075929,"z":0.028701193630695344,"w":0.9666979908943176},"size":5.211039066314697,"orthographic":false}