{"cameraMode":{"drawMode":0,"name":"Shaded","section":"Shading Mode"},"sceneLighting":false,"audioPlay":false,"sceneViewState":{"showFog":true,"showMaterialUpdate":true,"showSkybox":false,"showFlares":true,"showImageEffects":true,"showParticleSystems":true},"in2DMode":false,"pivot":{"x":-0.9028114676475525,"y":1.5270755290985108,"z":1.4111934900283814},"rotation":{"x":-0.07883021235466004,"y":0.9160100817680359,"z":-0.2227083146572113,"w":-0.32423585653305056},"size":1.3215663433074952,"orthographic":false}