{"cameraMode":{"drawMode":0,"name":"Shaded","section":"Shading Mode"},"sceneLighting":true,"audioPlay":false,"sceneViewState":{"showFog":true,"showMaterialUpdate":true,"showSkybox":true,"showFlares":true,"showImageEffects":true,"showParticleSystems":true},"in2DMode":false,"pivot":{"x":-0.05847221612930298,"y":0.14189577102661134,"z":-0.06501126289367676},"rotation":{"x":-0.4278181195259094,"y":-0.08735750615596771,"z":0.041587140411138538,"w":-0.8986724615097046},"size":2.9289417266845705,"orthographic":false}