{"cameraMode":{"drawMode":0,"name":"Shaded","section":"Shading Mode"},"sceneLighting":true,"audioPlay":false,"sceneViewState":{"showFog":true,"showMaterialUpdate":true,"showSkybox":true,"showFlares":true,"showImageEffects":true,"showParticleSystems":true},"in2DMode":false,"pivot":{"x":-0.02373361587524414,"y":-1.099714756011963,"z":-0.528653621673584},"rotation":{"x":-0.22296404838562013,"y":0.3750605285167694,"z":-0.09359068423509598,"w":-0.8949660658836365},"size":10.51336669921875,"orthographic":false}