{"cameraMode":{"drawMode":0,"name":"Shaded","section":"Shading Mode"},"sceneLighting":true,"audioPlay":false,"sceneViewState":{"showFog":true,"showMaterialUpdate":true,"showSkybox":true,"showFlares":true,"showImageEffects":true,"showParticleSystems":true},"in2DMode":false,"pivot":{"x":549.6869506835938,"y":140.423583984375,"z":-43.615478515625},"rotation":{"x":0.013804572634398938,"y":0.025805024430155755,"z":-0.00035709369694814086,"w":0.9995771050453186},"size":981.1456909179688,"orthographic":false}