{"cameraMode":{"drawMode":0,"name":"Shaded","section":"Shading Mode"},"sceneLighting":true,"audioPlay":false,"sceneViewState":{"showFog":true,"showMaterialUpdate":true,"showSkybox":true,"showFlares":true,"showImageEffects":true,"showParticleSystems":true},"in2DMode":false,"pivot":{"x":-1.9009689092636109,"y":-0.3083510398864746,"z":-1.7728933095932007},"rotation":{"x":-0.662566602230072,"y":-0.0037526485975831749,"z":0.003012056229636073,"w":-0.7490372061729431},"size":8.386540412902832,"orthographic":false}