{"cameraMode":{"drawMode":0,"name":"Shaded","section":"Shading Mode"},"sceneLighting":true,"audioPlay":false,"sceneViewState":{"showFog":true,"showMaterialUpdate":true,"showSkybox":true,"showFlares":true,"showImageEffects":true,"showParticleSystems":true},"in2DMode":false,"pivot":{"x":-0.44160982966423037,"y":1.1016298532485963,"z":-0.8032886385917664},"rotation":{"x":-0.3790515661239624,"y":0.10070604085922241,"z":-0.041659604758024219,"w":-0.9189916253089905},"size":5.571446418762207,"orthographic":false}