{"cameraMode":{"drawMode":0,"name":"Shaded","section":"Shading Mode"},"sceneLighting":true,"audioPlay":false,"sceneViewState":{"showFog":true,"showMaterialUpdate":true,"showSkybox":true,"showFlares":true,"showImageEffects":true,"showParticleSystems":true},"in2DMode":false,"pivot":{"x":-0.7549481391906738,"y":-2.899229049682617,"z":1.1589560508728028},"rotation":{"x":-0.4771525263786316,"y":0.3558966815471649,"z":-0.2200317233800888,"w":-0.7728545665740967},"size":12.480581283569336,"orthographic":false}