{"cameraMode":{"drawMode":0,"name":"Shaded","section":"Shading Mode"},"sceneLighting":false,"audioPlay":false,"sceneViewState":{"showFog":true,"showMaterialUpdate":true,"showSkybox":false,"showFlares":true,"showImageEffects":true,"showParticleSystems":true},"in2DMode":false,"pivot":{"x":-1.0647320747375489,"y":1.569075584411621,"z":1.195946455001831},"rotation":{"x":0.05872691050171852,"y":0.9382096529006958,"z":-0.19667699933052064,"w":0.2787899971008301},"size":2.7704861164093019,"orthographic":false}