{"cameraMode":{"drawMode":0,"name":"Shaded","section":"Shading Mode"},"sceneLighting":true,"audioPlay":false,"sceneViewState":{"showFog":true,"showMaterialUpdate":true,"showSkybox":true,"showFlares":true,"showImageEffects":true,"showParticleSystems":true},"in2DMode":false,"pivot":{"x":-0.0013926327228546143,"y":-0.3789118528366089,"z":-0.4283316135406494},"rotation":{"x":-0.03550637885928154,"y":0.9436588883399963,"z":-0.3109486997127533,"w":-0.10775850713253021},"size":2.2976856231689455,"orthographic":false}