{"cameraMode":{"drawMode":0,"name":"Shaded","section":"Shading Mode"},"sceneLighting":true,"audioPlay":false,"sceneViewState":{"showFog":true,"showMaterialUpdate":true,"showSkybox":true,"showFlares":true,"showImageEffects":true,"showParticleSystems":true},"in2DMode":false,"pivot":{"x":-0.19986039400100709,"y":-0.7645807266235352,"z":-0.5444231033325195},"rotation":{"x":-0.42699170112609866,"y":-0.022514687851071359,"z":0.010635573416948319,"w":-0.9039134383201599},"size":11.587693214416504,"orthographic":false}