{"cameraMode":{"drawMode":0,"name":"Shaded","section":"Shading Mode"},"sceneLighting":false,"audioPlay":false,"sceneViewState":{"showFog":true,"showMaterialUpdate":true,"showSkybox":false,"showFlares":true,"showImageEffects":true,"showParticleSystems":true},"in2DMode":false,"pivot":{"x":-2.317671298980713,"y":1.4622397422790528,"z":-0.48998355865478518},"rotation":{"x":0.052903275936841968,"y":0.9238904118537903,"z":-0.13850335776805879,"w":0.35282692313194277},"size":22.0,"orthographic":false}