{"cameraMode":{"drawMode":0,"name":"Shaded","section":"Shading Mode"},"sceneLighting":false,"audioPlay":false,"sceneViewState":{"showFog":true,"showMaterialUpdate":true,"showSkybox":false,"showFlares":true,"showImageEffects":true,"showParticleSystems":true},"in2DMode":false,"pivot":{"x":0.24424660205841065,"y":0.7763534784317017,"z":0.13663887977600099},"rotation":{"x":0.01402119267731905,"y":-0.9663872718811035,"z":0.05398997291922569,"w":0.2509917914867401},"size":4.53129768371582,"orthographic":false}